Liczba wypadków,Liczba zabitych,Liczba rannych,Rok,Warunki atmosferyczne,Rodzaj zdarzenia,Warunki atmosferyczne,Oświetlenie,Charakterystyka miejsca zdarzenia,IDKSIP zdarzenia,Godzina,Dzień,Ranny,GPS x,GPS y,Numer drogi,Obszar,Geometria drogi,Kategoria drogi 1,Rodzaj drogi,Czy w zdarzeniu był sprawca nietrzeźwy,Powiat,Gmina
1,0,0,2016,Oślepiające słońce,Najechanie na pieszego,Oślepiające słońce,Światło dzienne,Jezdnia,EWK-104562238R,10,2016-07-01,Nieokreślone (puste pole),20*50'120,51*37'420,48,Obszar niezabudowany,"Zakręt, łuk",Droga krajowa,Jednojezdniowa dwukierunkowa,N,POWIAT BIAŁOBRZESKI,WYŚMIERZYCE - OBSZAR WIEJSKI
1,0,2,2016,Oślepiające słońce,Najechanie na pieszego,Oślepiające słońce,Światło dzienne,Jezdnia,EWK-104635091F,20,2016-07-21,Lekko,22*42'150,52*10'569,02310W,Obszar niezabudowany,Odcinek prosty,Droga powiatowa,Jednojezdniowa dwukierunkowa,N,POWIAT ŁOSICKI,ŁOSICE - OBSZAR WIEJSKI
1,0,0,2016,Oślepiające słońce,Najechanie na pieszego,Oślepiające słońce,Światło dzienne,Jezdnia,EWK-104635091F,20,2016-07-21,Nieokreślone (puste pole),22*42'150,52*10'569,02310W,Obszar niezabudowany,Odcinek prosty,Droga powiatowa,Jednojezdniowa dwukierunkowa,N,POWIAT ŁOSICKI,ŁOSICE - OBSZAR WIEJSKI
1,0,1,2016,Oślepiające słońce,Najechanie na pieszego,Oślepiające słońce,Światło dzienne,Jezdnia,EWK-104668512K,10,2016-07-26,Ciężko,20*02'201,52*47'506,P3743W,Obszar niezabudowany,,Droga powiatowa,Jednojezdniowa dwukierunkowa,N,POWIAT PŁOŃSKI,RACIĄŻ - OBSZAR WIEJSKI
1,0,0,2016,Oślepiające słońce,Najechanie na pieszego,Oślepiające słońce,Światło dzienne,Jezdnia,EWK-104668512K,10,2016-07-26,Nieokreślone (puste pole),20*02'201,52*47'506,P3743W,Obszar niezabudowany,,Droga powiatowa,Jednojezdniowa dwukierunkowa,N,POWIAT PŁOŃSKI,RACIĄŻ - OBSZAR WIEJSKI
1,0,1,2016,Oślepiające słońce,Najechanie na pieszego,Oślepiające słońce,Światło dzienne,Jezdnia,EWK-104813177P,16,2016-09-01,Lekko,20*30'587,51*58'268,GMINNA,Obszar zabudowany,,Droga gminna,Jednokierunkowa,N,POWIAT ŻYRARDOWSKI,MSZCZONÓW - OBSZAR MIEJSKI
1,0,0,2016,Oślepiające słońce,Najechanie na pieszego,Oślepiające słońce,Światło dzienne,Jezdnia,EWK-104813177P,16,2016-09-01,Nieokreślone (puste pole),20*30'587,51*58'268,GMINNA,Obszar zabudowany,,Droga gminna,Jednokierunkowa,N,POWIAT ŻYRARDOWSKI,MSZCZONÓW - OBSZAR MIEJSKI
1,0,1,2016,Oślepiające słońce,Najechanie na pieszego,Oślepiające słońce,Światło dzienne,Jezdnia,EWK-105021992N,15,2016-11-08,Lekko,19*59'553,52*44'018,GMINNA,Obszar zabudowany,Odcinek prosty,Droga gminna,Jednojezdniowa dwukierunkowa,N,POWIAT PŁOCKI,DROBIN - OBSZAR MIEJSKI
1,0,0,2016,Oślepiające słońce,Najechanie na pieszego,Oślepiające słońce,Światło dzienne,Jezdnia,EWK-105021992N,15,2016-11-08,Nieokreślone (puste pole),19*59'553,52*44'018,GMINNA,Obszar zabudowany,Odcinek prosty,Droga gminna,Jednojezdniowa dwukierunkowa,N,POWIAT PŁOCKI,DROBIN - OBSZAR MIEJSKI
1,0,1,2016,Oślepiające słońce,Najechanie na pieszego,Oślepiające słońce,Światło dzienne,Przejście dla pieszych,EWK-104129104F,13,2016-04-02,Lekko,21*08'267,51*24'168,P5347W,Obszar zabudowany,,Droga powiatowa,Jednokierunkowa,N,POWIAT RADOM,RADOM - OBSZAR MIEJSKI
1,0,0,2016,Oślepiające słońce,Najechanie na pieszego,Oślepiające słońce,Światło dzienne,Przejście dla pieszych,EWK-104129104F,13,2016-04-02,Nieokreślone (puste pole),21*08'267,51*24'168,P5347W,Obszar zabudowany,,Droga powiatowa,Jednokierunkowa,N,POWIAT RADOM,RADOM - OBSZAR MIEJSKI
1,0,1,2016,Oślepiające słońce,Najechanie na pieszego,Oślepiające słońce,Światło dzienne,Przejście dla pieszych,EWK-104192278Q,16,2016-04-18,Ciężko,19*45'453,52*32'046,62,Obszar zabudowany,Odcinek prosty,Droga krajowa,Dwie jezdnie jednokierunkowe,N,POWIAT PŁOCK,PŁOCK - OBSZAR MIEJSKI
1,0,0,2016,Oślepiające słońce,Najechanie na pieszego,Oślepiające słońce,Światło dzienne,Przejście dla pieszych,EWK-104192278Q,16,2016-04-18,Nieokreślone (puste pole),19*45'453,52*32'046,62,Obszar zabudowany,Odcinek prosty,Droga krajowa,Dwie jezdnie jednokierunkowe,N,POWIAT PŁOCK,PŁOCK - OBSZAR MIEJSKI
1,0,1,2016,Oślepiające słońce,Najechanie na pieszego,Oślepiające słońce,Światło dzienne,Przejście dla pieszych,EWK-104590293E,18,2016-07-07,Ciężko,21*53'308,52*48'108,GMINNA,Obszar zabudowany,,Droga gminna,Jednojezdniowa dwukierunkowa,N,POWIAT OSTROWSKI,OSTRÓW MAZOWIECKA - OBSZAR MIEJSKI
1,0,0,2016,Oślepiające słońce,Najechanie na pieszego,Oślepiające słońce,Światło dzienne,Przejście dla pieszych,EWK-104590293E,18,2016-07-07,Nieokreślone (puste pole),21*53'308,52*48'108,GMINNA,Obszar zabudowany,,Droga gminna,Jednojezdniowa dwukierunkowa,N,POWIAT OSTROWSKI,OSTRÓW MAZOWIECKA - OBSZAR MIEJSKI
1,0,1,2016,Oślepiające słońce,Najechanie na pieszego,Oślepiające słońce,Światło dzienne,Przejście dla pieszych,EWK-104668242G,18,2016-07-26,Lekko,22*16'161,52*10'495,,Obszar zabudowany,Odcinek prosty,Nieokreślone (puste pole),Dwie jezdnie jednokierunkowe,N,POWIAT SIEDLCE,SIEDLCE - OBSZAR MIEJSKI
1,0,0,2016,Oślepiające słońce,Najechanie na pieszego,Oślepiające słońce,Światło dzienne,Przejście dla pieszych,EWK-104668242G,18,2016-07-26,Nieokreślone (puste pole),22*16'161,52*10'495,,Obszar zabudowany,Odcinek prosty,Nieokreślone (puste pole),Dwie jezdnie jednokierunkowe,N,POWIAT SIEDLCE,SIEDLCE - OBSZAR MIEJSKI
1,0,2,2016,Oślepiające słońce,Najechanie na pieszego,Oślepiające słońce,Światło dzienne,Przejście dla pieszych,EWK-104687104H,13,2016-07-24,Lekko,21*54'333,51*48'349,807,Obszar zabudowany,,Droga wojewódzka,Jednojezdniowa dwukierunkowa,N,POWIAT GARWOLIŃSKI,ŻELECHÓW - OBSZAR MIEJSKI
1,0,0,2016,Oślepiające słońce,Najechanie na pieszego,Oślepiające słońce,Światło dzienne,Przejście dla pieszych,EWK-104687104H,13,2016-07-24,Nieokreślone (puste pole),21*54'333,51*48'349,807,Obszar zabudowany,,Droga wojewódzka,Jednojezdniowa dwukierunkowa,N,POWIAT GARWOLIŃSKI,ŻELECHÓW - OBSZAR MIEJSKI
1,0,1,2016,Oślepiające słońce,Najechanie na pieszego,Oślepiające słońce,Światło dzienne,Przejście dla pieszych,EWK-104840293Q,8,2016-09-09,Lekko,20*26'481,52*03'192,GMINNA,Obszar zabudowany,,Droga gminna,Jednokierunkowa,N,POWIAT ŻYRARDOWSKI,ŻYRARDÓW - OBSZAR MIEJSKI
1,0,0,2016,Oślepiające słońce,Najechanie na pieszego,Oślepiające słońce,Światło dzienne,Przejście dla pieszych,EWK-104840293Q,8,2016-09-09,Nieokreślone (puste pole),20*26'481,52*03'192,GMINNA,Obszar zabudowany,,Droga gminna,Jednokierunkowa,N,POWIAT ŻYRARDOWSKI,ŻYRARDÓW - OBSZAR MIEJSKI
1,0,1,2016,Oślepiające słońce,Najechanie na pieszego,Oślepiające słońce,Światło dzienne,Przejście dla pieszych,EWK-104862969N,17,2016-09-19,Lekko,21*27'204,52*35'414,GMINNA,Obszar zabudowany,,Droga gminna,Jednojezdniowa dwukierunkowa,N,POWIAT WYSZKOWSKI,WYSZKÓW - OBSZAR MIEJSKI
1,0,0,2016,Oślepiające słońce,Najechanie na pieszego,Oślepiające słońce,Światło dzienne,Przejście dla pieszych,EWK-104862969N,17,2016-09-19,Nieokreślone (puste pole),21*27'204,52*35'414,GMINNA,Obszar zabudowany,,Droga gminna,Jednojezdniowa dwukierunkowa,N,POWIAT WYSZKOWSKI,WYSZKÓW - OBSZAR MIEJSKI
1,0,1,2016,Oślepiające słońce,Najechanie na pieszego,Oślepiające słońce,Światło dzienne,Przejście dla pieszych,EWK-105137808P,13,2016-11-29,Ciężko,21*27'037,52*35'248,G440565W,Obszar zabudowany,Odcinek prosty,Droga gminna,Jednojezdniowa dwukierunkowa,N,POWIAT WYSZKOWSKI,WYSZKÓW - OBSZAR MIEJSKI
1,0,0,2016,Oślepiające słońce,Najechanie na pieszego,Oślepiające słońce,Światło dzienne,Przejście dla pieszych,EWK-105137808P,13,2016-11-29,Nieokreślone (puste pole),21*27'037,52*35'248,G440565W,Obszar zabudowany,Odcinek prosty,Droga gminna,Jednojezdniowa dwukierunkowa,N,POWIAT WYSZKOWSKI,WYSZKÓW - OBSZAR MIEJSKI
1,0,2,2016,Oślepiające słońce,Najechanie na pieszego,Oślepiające słońce,Światło dzienne,Przejście dla pieszych,EWK-105146912T,11,2016-12-03,Lekko,21*08'345,51*23'279,12,Obszar zabudowany,,Droga krajowa,Dwie jezdnie jednokierunkowe,N,POWIAT RADOM,RADOM - OBSZAR MIEJSKI
1,0,0,2016,Oślepiające słońce,Najechanie na pieszego,Oślepiające słońce,Światło dzienne,Przejście dla pieszych,EWK-105146912T,11,2016-12-03,Nieokreślone (puste pole),21*08'345,51*23'279,12,Obszar zabudowany,,Droga krajowa,Dwie jezdnie jednokierunkowe,N,POWIAT RADOM,RADOM - OBSZAR MIEJSKI
1,0,1,2016,Pochmurno,Inne,Pochmurno,Światło dzienne,Przejście dla pieszych,EWK-104921898L,10,2016-10-19,Lekko,22*14'286,52*24'262,62,Obszar zabudowany,Odcinek prosty,Droga krajowa,Jednojezdniowa dwukierunkowa,N,POWIAT SOKOŁOWSKI,SOKOŁÓW PODLASKI - OBSZAR MIEJSKI
1,0,0,2016,Pochmurno,Inne,Pochmurno,Światło dzienne,Przejście dla pieszych,EWK-104921898L,10,2016-10-19,Nieokreślone (puste pole),22*14'286,52*24'262,62,Obszar zabudowany,Odcinek prosty,Droga krajowa,Jednojezdniowa dwukierunkowa,N,POWIAT SOKOŁOWSKI,SOKOŁÓW PODLASKI - OBSZAR MIEJSKI
1,0,1,2016,Pochmurno,Najechanie na pieszego,Pochmurno,Noc - droga nieoświetlona,Jezdnia,EWK-103744131T,3,2016-01-11,Lekko,21*19'053,51*17'174,GMINNA,Obszar zabudowany,Odcinek prosty,Droga gminna,Jednojezdniowa dwukierunkowa,N,POWIAT RADOMSKI,SKARYSZEW - OBSZAR WIEJSKI
1,0,0,2016,Pochmurno,Najechanie na pieszego,Pochmurno,Noc - droga nieoświetlona,Jezdnia,EWK-103744131T,3,2016-01-11,Nieokreślone (puste pole),21*19'053,51*17'174,GMINNA,Obszar zabudowany,Odcinek prosty,Droga gminna,Jednojezdniowa dwukierunkowa,N,POWIAT RADOMSKI,SKARYSZEW - OBSZAR WIEJSKI
1,0,1,2016,Pochmurno,Najechanie na pieszego,Pochmurno,Noc - droga nieoświetlona,Jezdnia,EWK-103795272F,0,2016-01-23,Lekko,21*14'585,51*27'591,P3517W,Obszar niezabudowany,Odcinek prosty,Droga powiatowa,Jednojezdniowa dwukierunkowa,N,POWIAT RADOMSKI,JASTRZĘBIA - OBSZAR WIEJSKI
1,0,0,2016,Pochmurno,Najechanie na pieszego,Pochmurno,Noc - droga nieoświetlona,Jezdnia,EWK-103795272F,0,2016-01-23,Nieokreślone (puste pole),21*14'585,51*27'591,P3517W,Obszar niezabudowany,Odcinek prosty,Droga powiatowa,Jednojezdniowa dwukierunkowa,N,POWIAT RADOMSKI,JASTRZĘBIA - OBSZAR WIEJSKI
1,1,0,2016,Pochmurno,Najechanie na pieszego,Pochmurno,Noc - droga nieoświetlona,Jezdnia,EWK-103823026R,23,2016-01-31,Nieokreślone (puste pole),21*33'164,52*38'549,8,Obszar niezabudowany,,Droga krajowa,Jednojezdniowa dwukierunkowa,T,POWIAT WYSZKOWSKI,BRAŃSZCZYK - OBSZAR WIEJSKI
1,0,1,2016,Pochmurno,Najechanie na pieszego,Pochmurno,Noc - droga nieoświetlona,Jezdnia,EWK-104033764Y,18,2016-03-15,Ciężko,20*54'581,51*30'392,GMINNA,Obszar zabudowany,Odcinek prosty,Droga gminna,Jednojezdniowa dwukierunkowa,N,POWIAT RADOMSKI,PRZYTYK - OBSZAR WIEJSKI
1,1,0,2016,Pochmurno,Najechanie na pieszego,Pochmurno,Noc - droga nieoświetlona,Jezdnia,EWK-104033764Y,18,2016-03-15,Nieokreślone (puste pole),20*54'581,51*30'392,GMINNA,Obszar zabudowany,Odcinek prosty,Droga gminna,Jednojezdniowa dwukierunkowa,N,POWIAT RADOMSKI,PRZYTYK - OBSZAR WIEJSKI
1,0,1,2016,Pochmurno,Najechanie na pieszego,Pochmurno,Noc - droga nieoświetlona,Jezdnia,EWK-104417262P,21,2016-05-07,Lekko,21*40'575,51*57'543,805,Obszar niezabudowany,Odcinek prosty,Droga wojewódzka,Jednojezdniowa dwukierunkowa,T,POWIAT GARWOLIŃSKI,PARYSÓW - OBSZAR WIEJSKI
1,0,0,2016,Pochmurno,Najechanie na pieszego,Pochmurno,Noc - droga nieoświetlona,Jezdnia,EWK-104417262P,21,2016-05-07,Nieokreślone (puste pole),21*40'575,51*57'543,805,Obszar niezabudowany,Odcinek prosty,Droga wojewódzka,Jednojezdniowa dwukierunkowa,T,POWIAT GARWOLIŃSKI,PARYSÓW - OBSZAR WIEJSKI
1,0,1,2016,Pochmurno,Najechanie na pieszego,Pochmurno,Noc - droga nieoświetlona,Jezdnia,EWK-104735743P,21,2016-08-13,Lekko,21*42'222,51*21'369,GMINNA,Obszar niezabudowany,Odcinek prosty,Droga gminna,Jednojezdniowa dwukierunkowa,N,POWIAT ZWOLEŃSKI,PRZYŁĘK - OBSZAR WIEJSKI
1,0,0,2016,Pochmurno,Najechanie na pieszego,Pochmurno,Noc - droga nieoświetlona,Jezdnia,EWK-104735743P,21,2016-08-13,Nieokreślone (puste pole),21*42'222,51*21'369,GMINNA,Obszar niezabudowany,Odcinek prosty,Droga gminna,Jednojezdniowa dwukierunkowa,N,POWIAT ZWOLEŃSKI,PRZYŁĘK - OBSZAR WIEJSKI
1,0,1,2016,Pochmurno,Najechanie na pieszego,Pochmurno,Noc - droga nieoświetlona,Jezdnia,EWK-104786534R,3,2016-08-28,Lekko,21*22'519,52*45'548,P2648W,Obszar niezabudowany,"Zakręt, łuk",Droga powiatowa,Jednojezdniowa dwukierunkowa,N,POWIAT WYSZKOWSKI,RZĄŚNIK - OBSZAR WIEJSKI
1,0,0,2016,Pochmurno,Najechanie na pieszego,Pochmurno,Noc - droga nieoświetlona,Jezdnia,EWK-104786534R,3,2016-08-28,Nieokreślone (puste pole),21*22'519,52*45'548,P2648W,Obszar niezabudowany,"Zakręt, łuk",Droga powiatowa,Jednojezdniowa dwukierunkowa,N,POWIAT WYSZKOWSKI,RZĄŚNIK - OBSZAR WIEJSKI
1,1,0,2016,Pochmurno,Najechanie na pieszego,Pochmurno,Noc - droga nieoświetlona,Jezdnia,EWK-105018736R,18,2016-11-05,Nieokreślone (puste pole),21*48'474,51*57'355,76,Obszar zabudowany,Odcinek prosty,Droga krajowa,Jednojezdniowa dwukierunkowa,N,POWIAT GARWOLIŃSKI,BOROWIE - OBSZAR WIEJSKI
1,0,1,2016,Pochmurno,Najechanie na pieszego,Pochmurno,Noc - droga nieoświetlona,Jezdnia,EWK-105133351K,3,2016-11-27,Lekko,21*35'420,53*04'402,,Obszar zabudowany,Odcinek prosty,Nieokreślone (puste pole),Jednojezdniowa dwukierunkowa,N,POWIAT OSTROŁĘKA,OSTROŁĘKA - OBSZAR MIEJSKI
1,0,0,2016,Pochmurno,Najechanie na pieszego,Pochmurno,Noc - droga nieoświetlona,Jezdnia,EWK-105133351K,3,2016-11-27,Nieokreślone (puste pole),21*35'420,53*04'402,,Obszar zabudowany,Odcinek prosty,Nieokreślone (puste pole),Jednojezdniowa dwukierunkowa,N,POWIAT OSTROŁĘKA,OSTROŁĘKA - OBSZAR MIEJSKI
1,1,0,2016,Pochmurno,Najechanie na pieszego,Pochmurno,Noc - droga nieoświetlona,Jezdnia,EWK-105145732Y,18,2016-12-02,Nieokreślone (puste pole),20*48'471,52*49'548,60,Obszar niezabudowany,Odcinek prosty,Droga krajowa,Jednojezdniowa dwukierunkowa,N,POWIAT CIECHANOWSKI,GOŁYMIN-OŚRODEK - OBSZAR WIEJSKI
1,0,1,2016,Pochmurno,Najechanie na pieszego,Pochmurno,Noc - droga nieoświetlona,Jezdnia,EWK-105158460T,19,2016-12-08,Lekko,21*09'328,51*25'281,G530132W,Obszar zabudowany,Odcinek prosty,Droga gminna,Jednojezdniowa dwukierunkowa,N,POWIAT RADOM,RADOM - OBSZAR MIEJSKI
1,0,0,2016,Pochmurno,Najechanie na pieszego,Pochmurno,Noc - droga nieoświetlona,Jezdnia,EWK-105158460T,19,2016-12-08,Nieokreślone (puste pole),21*09'328,51*25'281,G530132W,Obszar zabudowany,Odcinek prosty,Droga gminna,Jednojezdniowa dwukierunkowa,N,POWIAT RADOM,RADOM - OBSZAR MIEJSKI
1,1,0,2016,Pochmurno,Najechanie na pieszego,Pochmurno,Noc - droga nieoświetlona,Jezdnia,EWK-105175834G,6,2016-12-14,Nieokreślone (puste pole),22*06'179,52*18'072,696,Obszar niezabudowany,Odcinek prosty,Droga wojewódzka,Jednojezdniowa dwukierunkowa,N,POWIAT SIEDLECKI,MOKOBODY - OBSZAR WIEJSKI
1,0,1,2016,Pochmurno,Najechanie na pieszego,Pochmurno,Noc - droga nieoświetlona,Przejście dla pieszych,EWK-105123224T,16,2016-11-17,Ciężko,20*39'375,52*52'484,60,Obszar niezabudowany,Odcinek prosty,Droga krajowa,Jednojezdniowa dwukierunkowa,N,POWIAT CIECHANOWSKI,OPINOGÓRA GÓRNA - OBSZAR WIEJSKI
1,0,0,2016,Pochmurno,Najechanie na pieszego,Pochmurno,Noc - droga nieoświetlona,Przejście dla pieszych,EWK-105123224T,16,2016-11-17,Nieokreślone (puste pole),20*39'375,52*52'484,60,Obszar niezabudowany,Odcinek prosty,Droga krajowa,Jednojezdniowa dwukierunkowa,N,POWIAT CIECHANOWSKI,OPINOGÓRA GÓRNA - OBSZAR WIEJSKI
1,0,1,2016,Pochmurno,Najechanie na pieszego,Pochmurno,Noc - droga nieoświetlona,"Wjazd, wyjazd z posesji, pola",EWK-104731199U,2,2016-08-06,Ciężko,21*27'211,53*14'261,GMINNA,Obszar zabudowany,Odcinek prosty,Droga gminna,Jednojezdniowa dwukierunkowa,N,POWIAT OSTROŁĘCKI,KADZIDŁO - OBSZAR WIEJSKI
1,0,0,2016,Pochmurno,Najechanie na pieszego,Pochmurno,Noc - droga nieoświetlona,"Wjazd, wyjazd z posesji, pola",EWK-104731199U,2,2016-08-06,Nieokreślone (puste pole),21*27'211,53*14'261,GMINNA,Obszar zabudowany,Odcinek prosty,Droga gminna,Jednojezdniowa dwukierunkowa,N,POWIAT OSTROŁĘCKI,KADZIDŁO - OBSZAR WIEJSKI
1,0,2,2016,Pochmurno,Najechanie na pieszego,Pochmurno,Noc - droga oświetlona,Jezdnia,EWK-103733328X,18,2016-01-09,Lekko,20*43'411,51*18'066,727,Obszar zabudowany,Odcinek prosty,Droga wojewódzka,Jednojezdniowa dwukierunkowa,N,POWIAT PRZYSUSKI,BORKOWICE - OBSZAR WIEJSKI
1,0,0,2016,Pochmurno,Najechanie na pieszego,Pochmurno,Noc - droga oświetlona,Jezdnia,EWK-103733328X,18,2016-01-09,Nieokreślone (puste pole),20*43'411,51*18'066,727,Obszar zabudowany,Odcinek prosty,Droga wojewódzka,Jednojezdniowa dwukierunkowa,N,POWIAT PRZYSUSKI,BORKOWICE - OBSZAR WIEJSKI
1,0,1,2016,Pochmurno,Najechanie na pieszego,Pochmurno,Noc - droga oświetlona,Jezdnia,EWK-103769468R,17,2016-01-18,Ciężko,19*45'475,52*30'550,GMINNA,Obszar zabudowany,Odcinek prosty,Droga gminna,Jednojezdniowa dwukierunkowa,N,POWIAT PŁOCK,PŁOCK - OBSZAR MIEJSKI
1,0,0,2016,Pochmurno,Najechanie na pieszego,Pochmurno,Noc - droga oświetlona,Jezdnia,EWK-103769468R,17,2016-01-18,Nieokreślone (puste pole),19*45'475,52*30'550,GMINNA,Obszar zabudowany,Odcinek prosty,Droga gminna,Jednojezdniowa dwukierunkowa,N,POWIAT PŁOCK,PŁOCK - OBSZAR MIEJSKI
1,0,1,2016,Pochmurno,Najechanie na pieszego,Pochmurno,Noc - droga oświetlona,Jezdnia,EWK-103883834M,18,2016-02-14,Ciężko,21*37'576,53*03'186,2550W,Obszar zabudowany,Odcinek prosty,Droga powiatowa,Jednojezdniowa dwukierunkowa,N,POWIAT OSTROŁĘCKI,RZEKUŃ - OBSZAR WIEJSKI
1,0,0,2016,Pochmurno,Najechanie na pieszego,Pochmurno,Noc - droga oświetlona,Jezdnia,EWK-103883834M,18,2016-02-14,Nieokreślone (puste pole),21*37'576,53*03'186,2550W,Obszar zabudowany,Odcinek prosty,Droga powiatowa,Jednojezdniowa dwukierunkowa,N,POWIAT OSTROŁĘCKI,RZEKUŃ - OBSZAR WIEJSKI
1,1,0,2016,Pochmurno,Najechanie na pieszego,Pochmurno,Noc - droga oświetlona,Jezdnia,EWK-104877570M,19,2016-09-20,Nieokreślone (puste pole),21*47'291,51*49'262,31328W,Obszar zabudowany,Odcinek prosty,Droga powiatowa,Jednojezdniowa dwukierunkowa,N,POWIAT GARWOLIŃSKI,ŻELECHÓW - OBSZAR WIEJSKI
1,1,0,2016,Pochmurno,Najechanie na pieszego,Pochmurno,Noc - droga oświetlona,Jezdnia,EWK-104919985K,20,2016-10-17,Nieokreślone (puste pole),21*15'079,51*36'298,48,Obszar zabudowany,Odcinek prosty,Droga krajowa,Jednojezdniowa dwukierunkowa,N,POWIAT KOZIENICKI,GŁOWACZÓW - OBSZAR WIEJSKI
1,0,1,2016,Pochmurno,Najechanie na pieszego,Pochmurno,Noc - droga oświetlona,Jezdnia,EWK-104983988E,5,2016-10-28,Ciężko,21*15'248,51*40'402,GMINNA,Obszar zabudowany,Odcinek prosty,Droga gminna,Jednojezdniowa dwukierunkowa,N,POWIAT RADOMSKI,JEDLIŃSK - OBSZAR WIEJSKI
1,0,0,2016,Pochmurno,Najechanie na pieszego,Pochmurno,Noc - droga oświetlona,Jezdnia,EWK-104983988E,5,2016-10-28,Nieokreślone (puste pole),21*15'248,51*40'402,GMINNA,Obszar zabudowany,Odcinek prosty,Droga gminna,Jednojezdniowa dwukierunkowa,N,POWIAT RADOMSKI,JEDLIŃSK - OBSZAR WIEJSKI
1,1,0,2016,Pochmurno,Najechanie na pieszego,Pochmurno,Noc - droga oświetlona,Jezdnia,EWK-104998612D,17,2016-11-04,Nieokreślone (puste pole),19*37'523,52*35'362,GMINNA,Obszar zabudowany,Odcinek prosty,Droga gminna,Jednojezdniowa dwukierunkowa,N,POWIAT PŁOCKI,STARA BIAŁA - OBSZAR WIEJSKI
1,0,1,2016,Pochmurno,Najechanie na pieszego,Pochmurno,Noc - droga oświetlona,Jezdnia,EWK-105119885W,17,2016-11-20,Ciężko,21*46'307,52*54'409,G250309W,Obszar zabudowany,Odcinek prosty,Droga gminna,Jednojezdniowa dwukierunkowa,N,POWIAT OSTROŁĘCKI,CZERWIN - OBSZAR WIEJSKI
1,0,0,2016,Pochmurno,Najechanie na pieszego,Pochmurno,Noc - droga oświetlona,Jezdnia,EWK-105119885W,17,2016-11-20,Nieokreślone (puste pole),21*46'307,52*54'409,G250309W,Obszar zabudowany,Odcinek prosty,Droga gminna,Jednojezdniowa dwukierunkowa,N,POWIAT OSTROŁĘCKI,CZERWIN - OBSZAR WIEJSKI
1,0,1,2016,Pochmurno,Najechanie na pieszego,Pochmurno,Noc - droga oświetlona,Jezdnia,EWK-105173091D,18,2016-12-10,Lekko,21*08'058,51*23'450,P3564W,Obszar zabudowany,Odcinek prosty,Droga powiatowa,Jednojezdniowa dwukierunkowa,N,POWIAT RADOM,RADOM - OBSZAR MIEJSKI
1,0,0,2016,Pochmurno,Najechanie na pieszego,Pochmurno,Noc - droga oświetlona,Jezdnia,EWK-105173091D,18,2016-12-10,Nieokreślone (puste pole),21*08'058,51*23'450,P3564W,Obszar zabudowany,Odcinek prosty,Droga powiatowa,Jednojezdniowa dwukierunkowa,N,POWIAT RADOM,RADOM - OBSZAR MIEJSKI
1,0,1,2016,Pochmurno,Najechanie na pieszego,Pochmurno,Noc - droga oświetlona,Przejście dla pieszych,EWK-103742174C,17,2016-01-08,Lekko,20*26'041,52*03'329,GMINNA,Obszar zabudowany,Odcinek prosty,Droga gminna,Jednojezdniowa dwukierunkowa,N,POWIAT ŻYRARDOWSKI,ŻYRARDÓW - OBSZAR MIEJSKI
1,0,0,2016,Pochmurno,Najechanie na pieszego,Pochmurno,Noc - droga oświetlona,Przejście dla pieszych,EWK-103742174C,17,2016-01-08,Nieokreślone (puste pole),20*26'041,52*03'329,GMINNA,Obszar zabudowany,Odcinek prosty,Droga gminna,Jednojezdniowa dwukierunkowa,N,POWIAT ŻYRARDOWSKI,ŻYRARDÓW - OBSZAR MIEJSKI
1,0,1,2016,Pochmurno,Najechanie na pieszego,Pochmurno,Noc - droga oświetlona,Przejście dla pieszych,EWK-103748737G,17,2016-01-14,Ciężko,20*22'116,52*37'139,P3078W,Obszar zabudowany,,Droga powiatowa,Jednojezdniowa dwukierunkowa,N,POWIAT PŁOŃSKI,PŁOŃSK - OBSZAR MIEJSKI
1,0,0,2016,Pochmurno,Najechanie na pieszego,Pochmurno,Noc - droga oświetlona,Przejście dla pieszych,EWK-103748737G,17,2016-01-14,Nieokreślone (puste pole),20*22'116,52*37'139,P3078W,Obszar zabudowany,,Droga powiatowa,Jednojezdniowa dwukierunkowa,N,POWIAT PŁOŃSKI,PŁOŃSK - OBSZAR MIEJSKI
1,0,1,2016,Pochmurno,Najechanie na pieszego,Pochmurno,Noc - droga oświetlona,Przejście dla pieszych,EWK-103805080R,19,2016-01-26,Lekko,21*09'296,51*22'444,G530183W,Obszar zabudowany,Odcinek prosty,Droga gminna,Jednojezdniowa dwukierunkowa,N,POWIAT RADOM,RADOM - OBSZAR MIEJSKI
1,0,0,2016,Pochmurno,Najechanie na pieszego,Pochmurno,Noc - droga oświetlona,Przejście dla pieszych,EWK-103805080R,19,2016-01-26,Nieokreślone (puste pole),21*09'296,51*22'444,G530183W,Obszar zabudowany,Odcinek prosty,Droga gminna,Jednojezdniowa dwukierunkowa,N,POWIAT RADOM,RADOM - OBSZAR MIEJSKI
1,0,1,2016,Pochmurno,Najechanie na pieszego,Pochmurno,Noc - droga oświetlona,Przejście dla pieszych,EWK-103851333H,5,2016-02-08,Lekko,20*22'296,53*06'477,P4640W,Obszar zabudowany,Odcinek prosty,Droga powiatowa,Jednojezdniowa dwukierunkowa,N,POWIAT MŁAWSKI,MŁAWA - OBSZAR MIEJSKI